Student_ID,CGPA,Tenth_Percentage,Twelfth_Percentage,Internships,Projects,Technical_Skills,Communication_Skills,Backlogs,Work_Experience,Placement_Status
STU1000,7.37,79.97,78.6,0,1,2,2,0,No,Not Placed
STU1001,7.34,73.62,70.43,0,0,3,5,1,No,Not Placed
STU1002,7.56,81.48,79.87,0,1,2,2,0,No,Not Placed
STU1003,8.4,90.23,89.41,2,4,5,4,0,No,Placed
STU1004,8.34,72.66,72.01,1,2,4,1,0,No,Placed
STU1005,8.14,72.66,71.96,1,3,2,3,0,No,Placed
STU1006,7.38,90.79,83.66,0,1,2,4,0,No,Placed
STU1007,8.18,82.67,76.95,2,3,3,2,0,No,Placed
STU1008,7.18,70.31,62.75,2,0,1,2,0,Yes,Placed
STU1009,7.71,80.43,87.11,0,2,4,3,1,No,Placed
STU1010,7.24,70.37,63.6,1,2,3,4,0,Yes,Placed
STU1011,7.87,70.34,66.32,0,1,3,3,0,No,Placed
STU1012,6.68,77.42,72.21,3,3,2,3,0,No,Placed
STU1013,6.09,55.87,61.96,1,1,1,2,0,Yes,Not Placed
STU1014,6.94,57.75,57.61,3,2,2,5,0,Yes,Placed
STU1015,7.73,69.38,75.21,0,2,3,5,0,No,Placed
STU1016,6.95,64.87,61.77,2,2,1,3,0,No,Not Placed
STU1017,7.95,78.14,77.81,2,1,1,4,0,No,Placed
STU1018,6.86,65.92,61.86,1,0,2,3,1,No,Not Placed
STU1019,6.58,60.88,72.47,3,4,1,3,0,No,Placed
STU1020,8.55,89.66,80.27,1,1,4,2,0,No,Placed
STU1021,8.14,72.74,73.38,0,3,4,3,0,Yes,Placed
STU1022,7.59,75.68,77.5,1,5,3,3,0,No,Placed
STU1023,6.73,60.75,63.71,1,1,2,1,3,Yes,Not Placed
STU1024,6.16,69.56,68.2,1,1,2,3,2,No,Not Placed
STU1025,7.79,76.11,74.04,0,2,2,4,0,No,Placed
STU1026,7.14,63.49,64.19,1,4,2,3,0,No,Placed
STU1027,7.6,78.76,76.21,0,4,3,3,0,No,Placed
STU1028,8.12,68.99,73.46,1,2,2,4,0,No,Placed
STU1029,7.86,72.08,82.32,1,3,2,1,0,No,Placed
STU1030,7.25,68.98,65.85,1,1,2,3,0,Yes,Placed
STU1031,7.47,93.52,82.64,0,5,2,4,1,No,Placed
STU1032,7.41,74.87,73.2,1,4,3,3,0,No,Placed
STU1033,7.63,64.42,77.66,0,1,2,3,0,Yes,Placed
STU1034,7.81,83.23,76.73,0,1,2,2,0,No,Placed
STU1035,7.09,62.79,71.57,2,1,2,4,0,Yes,Placed
STU1036,8.1,77.09,83.92,2,1,4,3,0,Yes,Placed
STU1037,6.6,55.4,54.32,1,3,2,4,1,Yes,Not Placed
STU1038,6.61,61.72,65.31,2,2,1,3,0,No,Not Placed
STU1039,7.19,76.97,83.57,2,0,2,3,0,No,Not Placed
STU1040,8.82,82.38,78.13,2,1,5,4,0,No,Placed
STU1041,8.32,76.71,74.19,0,5,3,3,0,No,Placed
STU1042,6.41,73.84,69.86,3,2,2,3,0,No,Not Placed
STU1043,7.34,71.99,66.12,1,2,2,3,0,No,Placed
STU1044,6.05,60.21,57.93,0,1,1,4,1,Yes,Not Placed
STU1045,6.76,67.8,61.51,0,5,4,3,0,No,Placed
STU1046,7.38,70.39,70.0,1,3,2,3,0,No,Placed
STU1047,7.68,85.57,78.88,0,1,2,2,1,No,Not Placed
STU1048,7.28,78.44,77.84,0,0,1,4,0,Yes,Not Placed
STU1049,5.45,57.37,50.99,0,0,1,2,0,No,Not Placed
STU1050,7.22,78.24,78.16,2,1,3,3,0,No,Placed
STU1051,7.03,71.15,74.65,2,2,3,3,1,Yes,Placed
STU1052,6.32,68.23,58.03,0,4,2,3,0,No,Not Placed
STU1053,7.53,81.12,80.82,2,2,2,3,0,No,Placed
STU1054,8.91,85.31,88.65,2,3,4,1,0,No,Placed
STU1055,8.49,84.31,75.62,2,2,2,3,2,No,Placed
STU1056,7.2,66.61,74.98,0,3,4,4,0,No,Placed
STU1057,7.57,71.91,73.22,1,3,3,4,0,No,Placed
STU1058,7.71,78.31,73.04,3,1,2,2,1,No,Placed
STU1059,8.31,84.76,81.77,1,2,4,4,0,No,Placed
STU1060,7.42,70.21,72.47,0,2,2,3,2,No,Not Placed
STU1061,7.82,73.14,72.55,1,0,3,4,1,No,Placed
STU1062,7.28,63.94,67.04,1,2,2,3,1,No,Not Placed
STU1063,5.69,63.04,58.98,1,2,1,3,1,Yes,Not Placed
STU1064,8.53,83.13,81.51,0,5,3,4,0,Yes,Placed
STU1065,8.31,88.56,78.21,0,2,2,4,1,No,Placed
STU1066,6.92,74.28,72.58,2,3,2,3,3,No,Not Placed
STU1067,7.77,85.04,77.76,2,2,4,2,0,Yes,Placed
STU1068,7.83,78.62,73.15,0,3,3,3,1,No,Placed
STU1069,7.39,68.55,74.45,3,2,3,3,0,No,Placed
STU1070,8.7,78.61,82.28,0,3,3,2,0,No,Placed
STU1071,9.9,90.38,89.87,1,2,5,2,0,No,Placed
STU1072,6.59,74.64,67.98,2,2,1,4,1,No,Not Placed
STU1073,7.45,90.65,85.47,2,2,3,1,0,No,Placed
STU1074,6.58,50.0,58.57,3,2,2,3,1,No,Not Placed
STU1075,8.43,83.22,81.45,0,1,4,2,2,No,Placed
STU1076,8.19,75.87,86.09,2,0,4,3,0,No,Placed
STU1077,8.29,72.01,73.18,0,0,4,1,0,No,Placed
STU1078,6.78,75.92,75.49,1,3,2,2,0,No,Not Placed
STU1079,6.59,55.12,55.31,1,1,1,4,0,No,Not Placed
STU1080,7.01,72.8,72.55,1,1,2,4,0,No,Placed
STU1081,8.65,78.57,76.02,0,3,3,2,0,No,Placed
STU1082,9.79,89.78,89.85,2,1,5,3,0,No,Placed
STU1083,7.03,69.82,74.13,0,2,2,3,1,Yes,Not Placed
STU1084,6.38,66.92,62.95,0,1,1,4,0,Yes,Not Placed
STU1085,7.21,69.98,62.83,1,4,1,4,0,Yes,Placed
STU1086,7.13,84.15,72.35,1,3,2,3,0,No,Placed
STU1087,7.81,78.29,79.09,2,3,3,3,0,No,Placed
STU1088,6.78,69.7,63.73,1,2,1,4,0,No,Not Placed
STU1089,5.86,80.13,67.35,0,3,1,1,2,No,Not Placed
STU1090,7.65,75.97,76.52,2,1,4,3,0,No,Placed
STU1091,8.5,84.69,94.45,1,0,4,4,0,No,Placed
STU1092,6.75,67.98,67.75,0,0,3,4,1,No,Not Placed
STU1093,8.43,71.72,75.15,1,2,4,3,0,No,Placed
STU1094,6.5,71.08,70.83,1,2,2,3,2,No,Not Placed
STU1095,7.04,60.36,60.81,1,2,2,3,0,No,Placed
STU1096,7.79,77.96,80.86,1,0,2,3,0,No,Placed
STU1097,7.35,77.61,74.52,2,2,1,3,1,No,Not Placed
STU1098,8.03,75.05,75.13,2,3,4,3,1,No,Placed
STU1099,7.64,72.65,73.36,1,2,4,4,0,Yes,Placed
STU1100,6.73,60.85,58.38,0,3,1,4,0,No,Not Placed
STU1101,8.14,70.79,75.13,2,1,3,2,0,No,Placed
STU1102,7.0,71.57,69.96,1,3,1,3,0,Yes,Placed
STU1103,6.35,66.98,63.15,1,2,2,3,1,No,Not Placed
STU1104,6.9,73.39,75.06,1,1,3,3,1,No,Not Placed
STU1105,6.89,79.04,72.69,2,1,1,2,1,No,Not Placed
STU1106,9.9,93.86,89.92,1,2,5,3,1,No,Placed
STU1107,8.31,76.75,75.19,0,3,3,4,0,No,Placed
STU1108,7.19,77.58,81.37,1,2,2,3,0,No,Placed
STU1109,6.79,74.26,75.49,2,1,2,4,2,No,Not Placed
STU1110,6.6,55.81,57.31,0,3,1,5,0,No,Not Placed
STU1111,8.06,74.73,77.61,3,2,3,2,1,No,Placed
STU1112,8.31,75.6,81.21,1,2,3,2,2,No,Placed
STU1113,8.87,98.0,96.09,1,2,5,5,0,No,Placed
STU1114,7.28,73.08,72.17,0,1,3,5,0,No,Placed
STU1115,7.38,78.02,69.76,0,2,3,2,0,No,Placed
STU1116,7.12,74.65,68.13,3,2,1,1,0,No,Placed
STU1117,5.33,63.31,62.29,0,5,1,2,1,No,Not Placed
STU1118,7.79,86.43,80.42,2,2,3,5,0,No,Placed
STU1119,7.33,82.52,79.21,1,2,2,2,1,Yes,Placed
STU1120,8.06,82.91,80.76,0,2,4,3,0,No,Placed
STU1121,8.9,65.91,68.67,0,4,5,4,0,No,Placed
STU1122,8.49,89.03,85.32,1,3,4,1,0,No,Placed
STU1123,6.61,60.98,64.27,3,2,2,3,1,No,Not Placed
STU1124,8.39,80.87,79.06,1,3,3,2,0,Yes,Placed
STU1125,8.36,96.9,82.49,1,2,2,4,0,No,Placed
STU1126,6.8,65.09,60.63,0,2,2,2,1,No,Not Placed
STU1127,7.44,69.34,68.22,1,1,2,3,0,Yes,Placed
STU1128,8.33,76.0,68.55,1,2,4,3,0,No,Placed
STU1129,6.69,69.97,72.47,2,1,2,2,2,Yes,Not Placed
STU1130,7.36,59.49,68.22,1,4,2,1,0,No,Not Placed
STU1131,7.37,75.69,80.43,1,1,1,3,2,No,Not Placed
STU1132,7.09,64.38,63.66,0,4,1,2,0,No,Not Placed
STU1133,7.71,79.74,85.23,3,2,3,4,0,No,Placed
STU1134,6.72,65.81,66.68,0,2,3,4,2,No,Not Placed
STU1135,8.09,90.5,85.24,0,2,3,3,0,No,Placed
STU1136,7.37,67.17,64.03,1,1,3,3,0,No,Placed
STU1137,7.72,71.78,69.5,1,2,3,3,1,No,Placed
STU1138,7.06,83.14,78.73,1,0,1,4,1,No,Not Placed
STU1139,6.82,62.69,64.14,1,2,2,3,3,No,Not Placed
STU1140,7.23,77.27,76.48,2,2,2,2,0,No,Placed
STU1141,7.49,88.07,84.87,0,3,3,2,0,No,Placed
STU1142,6.53,58.93,62.28,2,1,2,3,0,No,Not Placed
STU1143,7.8,76.85,81.28,1,1,3,3,0,No,Placed
STU1144,9.41,77.6,80.71,1,2,4,3,0,Yes,Placed
STU1145,7.67,82.82,72.97,1,4,3,2,0,No,Placed
STU1146,5.01,62.63,50.47,0,3,1,4,2,No,Not Placed
STU1147,6.67,61.8,67.2,2,2,1,2,1,Yes,Not Placed
STU1148,7.91,80.22,71.35,1,2,3,2,0,Yes,Placed
STU1149,8.81,77.97,75.15,0,0,4,3,1,Yes,Placed
STU1150,6.25,77.5,70.02,1,5,2,2,0,No,Not Placed
STU1151,5.91,78.46,67.68,3,2,1,3,2,No,Not Placed
STU1152,8.37,68.2,70.68,1,1,1,3,1,No,Not Placed
STU1153,8.1,77.32,79.52,2,2,4,3,0,No,Placed
STU1154,6.91,77.93,73.36,0,1,2,3,0,No,Not Placed
STU1155,6.45,67.86,54.73,0,4,1,2,1,No,Not Placed
STU1156,6.8,93.66,86.88,0,1,1,2,0,Yes,Not Placed
STU1157,7.88,79.74,79.74,1,2,4,4,0,No,Placed
STU1158,6.43,63.09,56.23,0,1,2,3,2,No,Not Placed
STU1159,8.47,81.57,80.25,0,3,4,3,0,Yes,Placed
STU1160,6.27,65.25,65.39,2,3,1,1,2,No,Not Placed
STU1161,8.19,82.87,83.34,2,2,3,3,1,No,Placed
STU1162,7.64,86.59,84.2,1,2,3,3,0,Yes,Placed
STU1163,6.79,66.79,61.91,0,3,3,3,0,Yes,Placed
STU1164,7.92,84.63,87.92,0,0,2,4,0,Yes,Placed
STU1165,7.41,79.13,76.47,0,1,2,2,0,No,Not Placed
STU1166,7.34,83.22,80.6,1,1,3,2,1,No,Not Placed
STU1167,8.66,93.97,85.21,2,5,4,4,0,No,Placed
STU1168,7.68,72.55,69.45,1,2,4,5,0,No,Placed
STU1169,6.56,67.46,62.92,0,3,1,2,1,No,Not Placed
STU1170,6.9,66.1,65.32,1,2,2,3,0,No,Placed
STU1171,6.71,66.84,75.37,0,1,1,2,0,Yes,Not Placed
STU1172,6.76,74.23,66.24,1,1,2,1,1,No,Not Placed
STU1173,7.07,78.41,68.58,1,1,1,3,0,No,Not Placed
STU1174,9.71,77.77,83.46,1,2,4,2,0,No,Placed
STU1175,7.21,83.27,79.73,0,1,1,4,0,No,Not Placed
STU1176,8.11,75.13,70.52,0,0,4,3,0,Yes,Placed
STU1177,9.29,89.54,91.31,3,3,5,2,0,No,Placed
STU1178,7.26,72.35,68.47,0,4,1,1,0,No,Not Placed
STU1179,9.9,98.0,98.0,0,1,5,4,0,No,Placed
STU1180,8.3,81.26,82.46,0,1,5,2,0,No,Placed
STU1181,7.02,66.43,64.03,0,0,2,3,1,No,Not Placed
STU1182,7.55,64.29,75.43,1,2,2,3,0,No,Placed
STU1183,8.27,79.82,74.82,2,3,5,3,0,No,Placed
STU1184,8.25,72.77,75.56,0,1,2,3,1,No,Not Placed
STU1185,7.62,82.14,81.32,1,1,3,2,1,No,Not Placed
STU1186,7.41,79.73,84.28,1,3,3,2,0,No,Placed
STU1187,7.84,74.27,80.94,1,2,4,2,0,No,Placed
STU1188,6.49,66.53,66.71,2,0,2,3,1,No,Not Placed
STU1189,6.26,59.85,57.11,2,2,1,3,0,No,Not Placed
STU1190,8.1,70.53,72.25,0,1,2,2,1,Yes,Not Placed
STU1191,7.46,83.56,77.64,2,2,2,1,0,No,Placed
STU1192,8.27,77.14,85.64,1,3,3,3,0,No,Placed
STU1193,6.8,62.54,63.84,3,3,2,3,0,No,Placed
STU1194,7.95,76.73,73.39,1,2,3,5,0,No,Placed
STU1195,6.41,78.85,77.95,3,4,1,3,1,No,Placed
STU1196,6.1,66.16,59.5,2,2,2,3,2,No,Not Placed
STU1197,7.34,76.54,70.2,0,3,2,3,0,No,Placed
STU1198,8.64,75.58,80.25,1,2,3,5,0,No,Placed
STU1199,6.26,63.57,60.75,3,3,1,4,0,No,Not Placed
STU1200,6.18,78.58,71.56,2,4,1,3,0,No,Placed
STU1201,8.36,80.61,81.2,0,0,2,2,0,No,Placed
STU1202,8.14,85.83,88.88,1,4,3,2,1,No,Placed
STU1203,7.63,85.54,86.3,0,3,2,3,0,Yes,Placed
STU1204,6.62,61.22,67.02,0,3,3,4,2,No,Not Placed
STU1205,6.53,65.62,61.99,1,1,2,3,0,No,Not Placed
STU1206,6.91,80.15,71.02,0,3,2,1,0,No,Not Placed
STU1207,6.97,80.14,85.63,2,3,1,4,0,No,Placed
STU1208,8.19,80.15,76.51,0,1,3,4,0,No,Placed
STU1209,9.51,98.0,92.05,2,4,5,2,0,Yes,Placed
STU1210,8.66,80.71,85.24,0,0,4,3,0,Yes,Placed
STU1211,7.65,86.36,86.19,0,1,2,3,0,No,Placed
STU1212,8.07,84.54,84.14,0,2,3,4,0,No,Placed
STU1213,8.6,81.51,90.11,0,2,3,4,0,No,Placed
STU1214,7.41,71.85,67.85,0,2,2,3,0,No,Not Placed
STU1215,8.64,82.59,84.84,0,0,2,3,0,No,Placed
STU1216,6.58,67.27,67.46,1,4,2,4,0,No,Placed
STU1217,7.46,72.63,73.08,0,0,3,3,0,No,Not Placed
STU1218,7.98,70.15,77.27,1,1,2,3,0,No,Placed
STU1219,8.56,75.82,76.99,1,0,5,4,0,Yes,Placed
STU1220,9.44,98.0,95.99,2,2,5,2,0,No,Placed
STU1221,7.2,56.33,63.24,2,4,1,3,0,No,Placed
STU1222,7.79,81.86,77.76,1,2,3,4,0,Yes,Placed
STU1223,7.06,58.87,55.84,0,3,2,4,0,No,Not Placed
STU1224,7.06,70.28,64.51,0,0,2,3,0,No,Not Placed
STU1225,6.91,85.89,73.17,3,2,2,2,3,No,Not Placed
STU1226,9.06,75.64,84.58,0,2,4,3,0,No,Placed
STU1227,6.85,64.22,59.07,0,2,2,2,2,No,Not Placed
STU1228,6.69,67.85,66.57,0,0,2,2,2,No,Not Placed
STU1229,7.48,81.8,78.15,0,2,1,4,0,No,Placed
STU1230,7.31,67.7,69.08,0,2,2,2,0,No,Not Placed
STU1231,8.15,77.16,79.66,2,3,4,3,0,No,Placed
STU1232,7.91,75.46,78.44,0,2,2,3,0,No,Placed
STU1233,7.06,68.48,65.29,1,1,2,5,0,Yes,Placed
STU1234,9.7,96.44,91.14,0,2,4,3,0,No,Placed
STU1235,8.58,81.34,80.55,0,1,3,1,0,No,Not Placed
STU1236,6.28,54.75,55.29,2,3,1,2,2,No,Not Placed
STU1237,8.7,76.86,83.37,0,2,4,3,0,No,Placed
STU1238,6.62,68.38,70.58,2,1,2,3,2,No,Not Placed
STU1239,8.47,83.52,84.67,1,4,3,3,0,No,Placed
STU1240,8.31,67.07,70.32,0,2,3,3,0,Yes,Placed
STU1241,7.67,73.85,78.64,3,0,3,1,0,No,Placed
STU1242,7.32,80.05,78.95,0,2,3,3,0,Yes,Placed
STU1243,7.13,83.66,74.63,2,1,2,3,0,No,Placed
STU1244,6.23,63.0,65.55,0,3,1,2,0,No,Not Placed
STU1245,6.56,71.65,67.65,2,3,1,2,0,No,Not Placed
STU1246,6.77,70.25,67.07,0,5,2,2,1,No,Not Placed
STU1247,6.44,68.47,71.13,1,2,2,2,0,No,Not Placed
STU1248,8.96,92.65,94.94,2,2,4,3,0,Yes,Placed
STU1249,8.25,79.05,77.3,3,3,3,2,0,No,Placed
STU1250,6.28,62.39,64.58,2,1,2,2,0,No,Not Placed
STU1251,9.52,84.18,90.06,2,2,4,2,0,No,Placed
STU1252,9.12,96.22,92.99,2,2,4,5,0,No,Placed
STU1253,9.61,85.32,95.53,0,0,4,4,0,No,Placed
STU1254,6.36,59.81,63.67,0,2,1,2,1,No,Not Placed
STU1255,7.07,70.16,60.83,0,3,2,3,1,Yes,Not Placed
STU1256,7.83,87.67,88.29,1,3,3,2,0,No,Placed
STU1257,7.71,67.92,69.64,1,0,3,3,0,No,Placed
STU1258,8.28,79.44,83.97,1,0,3,1,0,No,Placed
STU1259,8.49,82.75,83.7,0,1,3,3,0,No,Placed
STU1260,6.16,65.73,65.18,1,3,1,3,0,No,Not Placed
STU1261,6.46,74.4,67.12,0,1,1,4,1,No,Not Placed
STU1262,6.26,50.0,51.45,0,3,2,2,0,No,Not Placed
STU1263,5.99,64.76,60.79,1,1,1,4,2,No,Not Placed
STU1264,7.39,72.47,68.7,2,2,2,4,0,Yes,Placed
STU1265,6.11,62.52,66.08,1,2,1,2,0,Yes,Not Placed
STU1266,9.53,91.32,95.97,1,3,5,3,0,No,Placed
STU1267,6.01,60.7,63.57,0,1,1,2,0,Yes,Not Placed
STU1268,7.11,70.6,64.03,1,2,2,2,0,No,Placed
STU1269,8.07,76.31,77.09,0,1,4,2,2,No,Not Placed
STU1270,8.32,89.41,91.98,1,3,3,3,2,No,Placed
STU1271,6.74,60.64,58.5,1,3,2,3,0,No,Not Placed
STU1272,8.26,86.63,82.97,0,1,3,5,0,No,Placed
STU1273,7.15,75.1,73.91,0,3,1,2,0,No,Not Placed
STU1274,6.0,65.18,61.48,3,2,1,5,0,No,Not Placed
STU1275,6.79,79.62,80.92,3,1,2,2,2,No,Not Placed
STU1276,7.75,76.99,74.84,1,2,3,4,2,No,Not Placed
STU1277,6.31,69.0,70.75,0,1,1,3,1,Yes,Not Placed
STU1278,7.25,75.7,69.91,0,3,2,2,0,No,Not Placed
STU1279,6.92,71.15,68.29,1,3,1,4,1,No,Not Placed
STU1280,8.19,76.14,78.33,3,1,5,3,0,No,Placed
STU1281,7.54,81.62,77.51,0,2,2,3,1,No,Not Placed
STU1282,8.81,90.86,95.87,2,3,4,3,0,No,Placed
STU1283,7.03,62.62,61.23,0,4,1,3,0,No,Not Placed
STU1284,9.01,96.33,93.0,3,2,4,3,0,Yes,Placed
STU1285,6.82,55.48,61.82,1,4,1,4,0,No,Placed
STU1286,7.16,73.48,65.37,2,2,2,2,0,No,Placed
STU1287,6.27,80.88,69.94,0,2,1,3,2,No,Not Placed
STU1288,7.55,77.81,68.51,1,3,3,4,0,No,Placed
STU1289,7.9,68.77,74.77,0,2,3,1,0,Yes,Placed
STU1290,6.54,72.92,69.22,0,2,1,2,0,Yes,Not Placed
STU1291,7.92,70.07,82.35,3,2,2,4,1,No,Placed
STU1292,6.89,69.11,65.92,2,3,2,3,0,Yes,Placed
STU1293,7.95,83.5,81.9,2,3,4,3,1,No,Placed
STU1294,8.42,78.57,84.5,1,2,3,2,1,No,Placed
STU1295,8.61,68.07,77.89,2,1,4,3,0,No,Placed
STU1296,9.37,84.0,91.71,0,2,4,2,0,No,Placed
STU1297,7.28,78.07,82.4,0,2,4,3,0,No,Placed
STU1298,8.68,83.13,85.78,0,1,2,4,0,No,Placed
STU1299,8.84,81.3,82.07,1,3,4,2,0,No,Placed
STU1300,7.47,66.71,70.6,1,2,1,3,0,No,Placed
STU1301,7.59,69.4,66.23,0,1,1,5,0,No,Placed
STU1302,8.83,82.47,76.01,1,1,4,3,0,No,Placed
STU1303,8.44,81.1,78.92,2,1,4,4,1,No,Placed
STU1304,7.54,74.79,72.72,1,4,2,3,0,No,Placed
STU1305,8.0,76.17,72.48,0,1,3,4,0,No,Placed
STU1306,8.55,87.78,88.09,0,1,5,1,0,Yes,Placed
STU1307,7.46,69.08,73.49,0,2,2,2,1,No,Not Placed
STU1308,7.61,80.47,78.84,0,1,3,2,1,Yes,Not Placed
STU1309,8.8,72.98,79.42,1,0,3,3,0,No,Placed
STU1310,6.44,72.82,66.19,1,1,2,4,2,No,Not Placed
STU1311,8.97,85.99,82.12,1,2,4,3,0,Yes,Placed
STU1312,8.0,83.25,77.18,1,2,3,3,0,No,Placed
STU1313,6.45,83.14,71.34,2,2,3,4,0,No,Placed
STU1314,8.43,88.05,84.43,0,2,4,3,0,No,Placed
STU1315,6.17,75.21,73.32,1,4,1,3,0,No,Placed
STU1316,8.77,81.82,87.11,2,2,2,3,0,No,Placed
STU1317,8.03,71.9,74.27,0,1,3,3,0,No,Placed
STU1318,6.94,78.24,71.38,0,1,4,2,0,Yes,Placed
STU1319,8.11,73.7,81.92,2,2,3,5,0,No,Placed
STU1320,9.12,75.97,80.68,0,3,5,2,0,No,Placed
STU1321,7.72,80.95,81.72,1,1,4,1,0,No,Placed
STU1322,6.26,66.82,65.66,0,3,1,4,1,No,Not Placed
STU1323,9.26,95.92,86.73,1,0,4,3,0,No,Placed
STU1324,7.91,64.94,63.34,0,2,1,3,1,No,Not Placed
STU1325,7.12,62.86,68.87,0,3,3,3,1,No,Placed
STU1326,9.42,86.58,93.02,1,1,4,3,0,No,Placed
STU1327,9.28,82.92,88.2,0,2,4,2,0,No,Placed
STU1328,7.22,81.24,76.61,1,1,1,3,0,No,Placed
STU1329,7.15,81.28,73.49,0,3,2,3,2,No,Not Placed
STU1330,8.24,74.88,74.35,0,0,3,4,1,Yes,Placed
STU1331,7.32,66.03,57.28,0,3,3,3,1,No,Not Placed
STU1332,7.96,75.76,76.01,0,1,2,5,0,Yes,Placed
STU1333,6.48,68.23,67.26,2,3,2,1,0,No,Not Placed
STU1334,9.07,84.75,79.71,0,2,4,3,0,No,Placed
STU1335,6.5,73.53,64.53,1,3,1,3,0,No,Not Placed
STU1336,6.95,66.75,69.31,0,1,2,5,1,No,Not Placed
STU1337,7.29,71.79,68.36,0,4,2,1,0,No,Not Placed
STU1338,8.23,79.13,71.41,2,1,3,3,1,No,Placed
STU1339,6.63,69.36,54.59,0,1,3,4,0,No,Placed
STU1340,7.21,66.78,66.63,3,2,2,2,0,Yes,Placed
STU1341,8.51,77.44,84.69,0,0,3,4,0,No,Placed
STU1342,8.22,77.45,84.14,1,1,2,1,1,Yes,Placed
STU1343,7.34,69.93,67.16,1,4,3,4,0,No,Placed
STU1344,5.45,70.29,66.74,2,5,1,5,1,No,Not Placed
STU1345,7.59,77.32,78.07,1,2,2,3,0,No,Placed
STU1346,6.4,60.52,56.45,1,4,1,3,1,No,Not Placed
STU1347,6.04,60.93,63.3,0,2,2,1,3,No,Not Placed
STU1348,7.54,67.82,71.48,0,1,2,5,1,No,Not Placed
STU1349,7.64,72.87,78.07,2,3,2,3,0,No,Placed
STU1350,8.67,78.11,75.89,0,2,4,1,0,No,Placed
STU1351,9.21,89.75,85.27,1,5,3,3,0,No,Placed
STU1352,7.39,83.58,76.65,2,1,1,3,0,No,Placed
STU1353,6.99,73.4,68.26,0,2,1,2,0,No,Not Placed
STU1354,7.33,74.81,72.46,3,0,3,2,0,Yes,Placed
STU1355,6.72,64.97,67.06,1,1,1,1,1,No,Not Placed
STU1356,7.89,74.81,78.16,1,0,5,3,0,No,Placed
STU1357,6.55,72.11,67.28,2,5,1,3,0,No,Placed
STU1358,7.5,78.23,83.96,0,3,2,3,0,No,Placed
STU1359,7.25,66.73,65.36,0,3,2,4,0,No,Placed
STU1360,8.14,80.19,78.05,1,2,3,4,0,No,Placed
STU1361,7.63,90.33,83.04,0,1,2,3,0,No,Placed
STU1362,7.09,73.91,60.7,1,1,3,1,0,No,Not Placed
STU1363,7.63,79.02,81.59,2,1,2,3,0,No,Placed
STU1364,8.28,81.9,83.3,1,2,2,3,0,No,Placed
STU1365,7.62,70.99,68.93,0,3,1,3,1,Yes,Placed
STU1366,7.6,77.24,75.99,3,2,1,3,0,No,Placed
STU1367,7.92,75.13,76.44,1,0,3,3,1,No,Placed
STU1368,6.66,75.98,66.77,1,0,1,4,2,Yes,Not Placed
STU1369,6.7,67.27,64.53,1,1,1,2,2,Yes,Not Placed
STU1370,7.63,75.25,77.93,2,2,4,3,0,No,Placed
STU1371,6.87,79.98,71.71,1,4,3,1,0,Yes,Placed
STU1372,8.32,89.51,87.55,2,2,3,5,2,Yes,Placed
STU1373,6.63,84.59,75.12,2,3,1,2,0,No,Placed
STU1374,8.61,96.53,94.38,0,2,3,2,0,No,Placed
STU1375,6.82,67.33,67.05,1,2,1,3,0,No,Not Placed
STU1376,7.26,83.72,73.09,2,1,2,3,0,No,Placed
STU1377,7.83,76.83,81.13,1,3,2,2,2,No,Placed
STU1378,8.47,96.9,88.69,2,3,3,3,0,No,Placed
STU1379,6.99,66.92,62.83,3,1,2,3,1,No,Placed
STU1380,7.56,66.6,67.61,1,2,2,1,0,No,Placed
STU1381,7.12,69.01,74.4,1,2,2,3,0,Yes,Placed
STU1382,5.12,53.76,50.62,2,2,1,4,0,No,Not Placed
STU1383,6.55,69.74,69.59,2,4,1,3,1,Yes,Not Placed
STU1384,6.87,67.41,69.44,1,2,3,4,1,No,Not Placed
STU1385,7.58,76.5,78.49,0,2,2,3,0,No,Placed
STU1386,7.27,78.42,77.54,1,0,1,3,1,No,Not Placed
STU1387,7.67,93.76,87.86,1,0,3,2,0,No,Placed
STU1388,7.46,84.5,77.69,1,1,2,2,0,No,Not Placed
STU1389,7.26,69.23,69.28,1,0,2,4,0,No,Placed
STU1390,6.91,66.02,60.76,1,3,1,5,0,No,Placed
STU1391,6.4,79.92,63.33,1,3,2,3,2,No,Not Placed
STU1392,6.58,61.8,64.71,0,1,2,1,2,Yes,Not Placed
STU1393,8.31,93.31,93.83,1,3,2,2,0,Yes,Placed
STU1394,7.32,86.79,71.96,1,1,1,3,0,No,Placed
STU1395,6.32,70.31,64.71,0,1,2,3,1,Yes,Not Placed
STU1396,7.0,57.87,62.29,0,1,1,1,0,No,Not Placed
STU1397,7.92,88.54,95.55,1,2,2,5,0,Yes,Placed
STU1398,7.19,73.85,72.88,1,1,1,3,2,No,Not Placed
STU1399,8.12,87.38,80.63,0,2,3,4,0,Yes,Placed
STU1400,6.56,59.06,59.29,3,2,1,4,3,No,Not Placed
STU1401,9.2,69.01,75.53,1,5,5,4,0,Yes,Placed
STU1402,7.45,75.05,70.56,3,0,1,3,0,Yes,Placed
STU1403,6.61,75.47,70.15,1,1,1,3,0,Yes,Placed
STU1404,6.97,70.5,67.51,1,0,2,3,0,No,Not Placed
STU1405,6.43,81.23,74.28,2,2,2,3,1,Yes,Not Placed
STU1406,6.82,64.32,65.29,1,0,1,3,0,No,Not Placed
STU1407,7.45,73.58,80.67,1,3,3,5,0,Yes,Placed
STU1408,8.2,76.2,76.39,0,2,3,4,0,Yes,Placed
STU1409,7.35,80.14,76.86,1,2,3,4,0,No,Placed
STU1410,7.71,82.12,78.34,0,2,3,4,0,No,Placed
STU1411,5.86,63.75,56.37,0,1,1,2,1,No,Not Placed
STU1412,7.9,59.66,65.13,0,1,3,2,0,No,Not Placed
STU1413,8.0,87.78,84.22,0,1,4,3,0,No,Placed
STU1414,8.7,78.32,75.67,3,2,3,3,0,No,Placed
STU1415,8.62,67.52,83.36,0,1,3,4,0,No,Placed
STU1416,8.78,90.51,88.43,1,1,4,3,0,No,Placed
STU1417,7.49,76.16,70.98,2,5,1,3,1,No,Placed
STU1418,8.25,86.79,81.64,1,0,4,3,0,No,Placed
STU1419,6.75,75.68,80.07,0,3,1,1,0,No,Not Placed
STU1420,8.56,95.61,91.83,1,3,4,3,0,No,Placed
STU1421,8.51,92.55,81.48,1,1,3,4,0,Yes,Placed
STU1422,7.61,72.51,76.23,1,1,3,2,0,No,Placed
STU1423,6.96,84.72,78.67,2,1,2,3,2,No,Not Placed
STU1424,8.47,81.45,88.6,3,2,3,3,0,No,Placed
STU1425,9.68,88.69,90.79,1,2,4,2,0,Yes,Placed
STU1426,7.48,65.35,63.31,0,3,3,2,0,No,Not Placed
STU1427,8.28,81.86,85.99,1,4,2,5,0,Yes,Placed
STU1428,8.69,85.58,83.08,0,2,4,3,1,No,Placed
STU1429,6.49,57.41,63.06,2,1,1,2,0,Yes,Not Placed
STU1430,5.91,63.17,66.12,0,1,2,2,2,No,Not Placed
STU1431,5.4,54.61,52.19,0,3,1,3,1,No,Not Placed
STU1432,8.02,72.31,68.25,2,1,3,3,0,Yes,Placed
STU1433,8.09,82.18,85.0,1,0,3,3,0,No,Placed
STU1434,8.09,90.02,84.84,1,3,2,2,0,No,Placed
STU1435,7.19,75.74,72.36,1,2,2,4,0,Yes,Placed
STU1436,9.24,91.29,82.82,2,4,5,3,0,No,Placed
STU1437,7.77,61.2,64.14,0,2,3,3,0,No,Placed
STU1438,8.5,57.97,69.59,2,0,4,3,0,No,Placed
STU1439,6.96,74.44,67.94,0,4,2,3,0,Yes,Placed
STU1440,7.88,78.84,77.14,2,1,2,4,1,No,Placed
STU1441,7.03,74.67,80.53,2,1,1,5,0,No,Placed
STU1442,7.09,54.33,55.78,0,2,2,3,0,No,Not Placed
STU1443,6.87,74.11,75.26,1,0,1,4,1,No,Not Placed
STU1444,6.44,61.96,57.35,0,2,3,4,1,No,Not Placed
STU1445,7.35,81.7,81.59,1,1,3,5,0,Yes,Placed
STU1446,7.26,78.67,75.93,1,2,3,2,1,Yes,Placed
STU1447,6.75,65.6,70.69,1,2,1,3,0,No,Not Placed
STU1448,7.21,69.86,75.32,0,3,3,2,1,No,Not Placed
STU1449,7.42,64.41,77.7,0,3,4,4,0,Yes,Placed
STU1450,7.3,74.37,76.11,0,1,1,1,0,No,Not Placed
STU1451,8.65,84.55,83.5,0,2,4,3,0,No,Placed
STU1452,6.28,65.14,66.34,1,2,1,3,1,No,Not Placed
STU1453,7.77,80.04,76.27,2,1,2,3,0,Yes,Placed
STU1454,8.0,69.7,70.94,1,3,3,3,0,Yes,Placed
STU1455,6.58,67.07,65.53,1,3,2,4,0,No,Not Placed
STU1456,7.03,73.93,73.68,3,1,2,3,1,No,Placed
STU1457,7.17,64.65,71.54,1,2,3,4,1,No,Placed
STU1458,7.49,69.46,64.01,3,1,1,2,0,No,Placed
STU1459,7.27,63.02,69.27,1,2,1,3,0,No,Not Placed
STU1460,8.77,94.65,97.04,0,1,4,3,0,No,Placed
STU1461,7.73,75.35,73.46,0,5,3,1,0,No,Placed
STU1462,5.64,68.0,57.19,1,3,1,3,4,No,Not Placed
STU1463,7.79,77.14,72.53,0,2,3,3,0,No,Placed
STU1464,8.09,73.88,79.28,0,2,3,3,0,No,Placed
STU1465,7.14,72.79,71.76,1,4,3,4,0,No,Placed
STU1466,6.97,81.14,73.97,1,2,2,3,0,No,Placed
STU1467,7.2,82.58,77.67,1,1,3,1,0,No,Placed
STU1468,7.76,69.69,73.44,0,2,2,2,0,No,Not Placed
STU1469,8.05,69.24,71.59,1,3,4,3,0,No,Placed
STU1470,6.83,72.25,70.22,1,2,1,2,1,No,Not Placed
STU1471,6.24,51.98,52.35,3,2,3,1,0,No,Not Placed
STU1472,5.17,59.85,58.91,1,3,1,3,0,No,Not Placed
STU1473,7.6,88.67,80.76,2,3,2,3,0,No,Placed
STU1474,8.99,91.45,95.81,2,4,5,3,0,No,Placed
STU1475,6.66,72.51,70.02,1,0,2,4,0,No,Not Placed
STU1476,7.67,80.77,84.74,0,2,3,3,0,No,Placed
STU1477,7.78,78.11,84.0,1,3,4,3,0,Yes,Placed
STU1478,9.34,98.0,98.0,1,3,5,4,0,No,Placed
STU1479,7.87,86.2,81.11,1,2,2,3,0,No,Placed
STU1480,6.18,73.72,74.68,1,1,2,3,0,No,Not Placed
STU1481,5.61,65.44,65.5,1,3,1,3,1,No,Not Placed
STU1482,5.83,58.94,55.58,0,3,1,1,2,No,Not Placed
STU1483,7.97,77.03,77.1,1,0,1,3,0,No,Placed
STU1484,5.0,67.44,61.43,0,2,1,3,3,Yes,Not Placed
STU1485,6.73,60.78,67.6,2,1,1,5,2,No,Not Placed
STU1486,6.6,68.53,65.93,0,1,3,4,0,No,Placed
STU1487,7.72,64.18,65.56,0,0,3,3,0,No,Placed
STU1488,8.33,91.87,89.51,1,2,3,2,0,Yes,Placed
STU1489,8.13,83.82,79.95,1,2,3,2,0,Yes,Placed
STU1490,7.75,74.92,76.62,1,2,2,3,0,No,Placed
STU1491,6.9,89.8,83.96,0,2,3,3,2,No,Not Placed
STU1492,8.27,75.77,78.76,1,3,5,2,0,No,Placed
STU1493,6.61,66.39,59.7,0,1,2,3,2,No,Not Placed
STU1494,8.72,90.23,87.33,3,1,5,2,0,No,Placed
STU1495,9.9,80.39,88.03,2,3,5,5,0,No,Placed
STU1496,5.24,64.63,59.93,1,1,1,2,1,No,Not Placed
STU1497,8.15,73.1,68.75,0,5,3,5,0,No,Placed
STU1498,6.95,66.24,68.87,1,3,2,4,1,Yes,Placed
STU1499,6.87,61.17,62.89,0,2,2,3,0,No,Not Placed
STU1500,8.11,84.26,83.37,1,5,3,4,0,No,Placed
STU1501,8.51,94.09,92.42,0,0,4,3,0,No,Placed
STU1502,6.51,61.01,65.03,2,1,1,3,0,No,Not Placed
STU1503,8.38,80.63,84.08,0,2,4,3,0,No,Placed
STU1504,6.31,68.49,70.27,1,2,2,3,1,Yes,Not Placed
STU1505,7.54,70.13,68.4,1,4,3,3,0,No,Placed
STU1506,7.1,69.08,72.08,1,0,3,3,0,No,Placed
STU1507,6.94,66.36,75.91,0,2,1,3,1,No,Not Placed
STU1508,7.17,75.49,73.5,3,2,2,2,2,Yes,Placed
STU1509,7.38,66.69,61.81,1,2,2,3,0,No,Placed
STU1510,7.69,77.7,81.58,1,1,2,2,0,Yes,Placed
STU1511,7.61,74.5,72.72,0,2,2,1,0,Yes,Placed
STU1512,6.12,72.61,60.86,1,3,1,2,2,No,Not Placed
STU1513,7.67,65.92,70.27,1,1,2,1,1,No,Not Placed
STU1514,7.34,69.23,66.17,0,3,2,2,0,No,Not Placed
STU1515,8.99,82.55,79.71,0,2,5,4,0,No,Placed
STU1516,7.77,80.01,79.67,2,3,3,1,0,No,Placed
STU1517,7.35,65.22,66.39,0,3,1,3,0,No,Not Placed
STU1518,7.83,75.99,78.14,0,1,4,2,0,No,Placed
STU1519,8.53,82.51,77.96,1,2,3,4,0,No,Placed
STU1520,6.22,58.31,62.13,2,3,1,3,3,No,Not Placed
STU1521,8.14,80.43,77.07,0,2,3,3,0,No,Placed
STU1522,7.21,68.37,71.81,1,4,2,3,0,No,Placed
STU1523,7.98,80.71,81.68,0,2,4,3,0,No,Placed
STU1524,6.74,67.37,62.59,0,1,2,3,1,Yes,Not Placed
STU1525,6.92,56.95,63.84,0,2,1,2,1,No,Not Placed
STU1526,6.24,58.72,57.23,2,4,3,5,0,Yes,Placed
STU1527,7.9,75.48,78.2,0,1,3,3,0,No,Placed
STU1528,8.69,77.6,77.8,0,3,4,3,0,Yes,Placed
STU1529,8.16,65.96,75.26,1,3,4,4,0,No,Placed
STU1530,8.29,81.39,78.06,2,2,3,3,1,No,Placed
STU1531,6.08,58.38,57.88,0,0,1,4,0,No,Not Placed
STU1532,6.88,74.34,73.09,1,3,4,3,1,No,Placed
STU1533,7.21,62.89,61.94,0,1,2,4,0,No,Not Placed
STU1534,7.88,68.48,72.21,1,3,3,2,1,No,Placed
STU1535,7.81,75.47,66.07,1,2,3,4,0,No,Placed
STU1536,6.22,66.4,61.17,1,2,2,4,2,No,Not Placed
STU1537,6.72,71.15,65.14,0,3,1,2,0,No,Not Placed
STU1538,7.41,85.06,87.05,0,2,1,2,0,No,Placed
STU1539,7.48,69.23,77.4,0,2,2,3,0,No,Placed
STU1540,8.52,83.36,80.33,1,2,2,5,0,No,Placed
STU1541,6.45,63.7,63.3,0,2,1,2,0,No,Not Placed
STU1542,8.19,80.3,78.61,2,2,4,3,0,No,Placed
STU1543,8.61,89.42,91.82,3,3,3,1,1,No,Placed
STU1544,5.86,50.28,48.1,3,2,1,3,0,No,Not Placed
STU1545,6.38,67.03,68.17,2,2,1,3,1,No,Not Placed
STU1546,8.2,80.77,83.53,1,2,4,5,2,Yes,Placed
STU1547,5.72,72.97,74.53,1,1,1,3,0,No,Not Placed
STU1548,7.64,78.71,77.85,0,1,3,4,0,Yes,Placed
STU1549,6.48,68.96,73.62,1,4,2,3,0,No,Placed
STU1550,7.29,75.87,60.97,1,3,3,1,0,Yes,Placed
STU1551,8.07,73.44,75.81,1,2,4,3,0,No,Placed
STU1552,8.21,86.68,80.41,2,2,5,3,1,No,Placed
STU1553,7.89,77.54,66.76,0,0,3,5,0,Yes,Placed
STU1554,7.27,78.38,79.18,0,2,2,4,0,No,Placed
STU1555,8.75,70.88,77.12,2,2,3,2,0,No,Placed
STU1556,7.68,70.12,68.91,0,2,3,2,1,No,Not Placed
STU1557,7.4,70.67,74.83,1,2,3,2,0,No,Placed
STU1558,8.94,78.94,85.16,2,0,3,5,0,No,Placed
STU1559,7.01,70.79,76.75,1,1,1,4,0,Yes,Not Placed
STU1560,7.71,77.9,84.41,1,4,4,4,0,No,Placed
STU1561,8.59,95.75,95.1,0,2,4,3,0,No,Placed
STU1562,7.69,83.71,81.53,0,2,2,3,1,No,Placed
STU1563,6.07,71.74,62.97,2,0,2,3,0,Yes,Not Placed
STU1564,8.82,87.01,82.73,1,0,4,2,0,Yes,Placed
STU1565,6.77,70.92,66.07,1,3,3,3,0,No,Placed
STU1566,7.22,54.62,67.28,0,2,2,1,0,Yes,Not Placed
STU1567,6.46,64.92,64.3,0,2,2,2,0,No,Not Placed
STU1568,5.3,56.29,58.46,3,1,2,4,1,Yes,Not Placed
STU1569,7.61,71.48,73.52,1,3,3,4,0,Yes,Placed
STU1570,6.34,75.18,74.12,1,1,1,3,3,No,Not Placed
STU1571,9.01,91.76,96.47,0,1,5,3,0,No,Placed
STU1572,6.62,78.27,73.42,1,2,1,3,2,No,Not Placed
STU1573,8.59,72.81,72.86,3,1,5,4,0,Yes,Placed
STU1574,8.24,83.29,77.08,1,1,3,4,0,No,Placed
STU1575,5.75,52.89,48.36,0,2,1,4,3,No,Not Placed
STU1576,8.15,77.36,72.7,1,2,3,4,0,No,Placed
STU1577,7.4,82.71,80.12,2,3,3,2,0,No,Placed
STU1578,6.76,60.21,59.03,1,2,2,3,0,No,Not Placed
STU1579,8.02,86.44,80.01,2,0,3,3,0,No,Placed
STU1580,7.33,78.38,69.59,1,1,3,3,1,No,Not Placed
STU1581,7.95,70.85,69.81,2,5,2,4,1,No,Placed
STU1582,7.75,81.33,71.61,1,2,3,3,0,Yes,Placed
STU1583,9.25,97.71,96.85,0,3,5,2,0,No,Placed
STU1584,6.61,76.82,75.71,0,0,3,3,0,No,Not Placed
STU1585,6.52,77.48,68.57,0,2,1,5,0,No,Not Placed
STU1586,7.01,70.41,68.3,2,0,1,2,0,No,Placed
STU1587,6.75,66.5,62.76,2,2,1,3,0,No,Not Placed
STU1588,7.39,83.3,82.4,1,4,1,3,0,No,Placed
STU1589,8.87,66.44,73.18,0,4,5,1,0,No,Placed
STU1590,7.76,75.72,64.99,0,2,4,3,0,No,Placed
STU1591,7.58,70.22,70.26,2,2,3,4,0,No,Placed
STU1592,7.73,79.79,77.02,1,4,4,3,0,No,Placed
STU1593,7.77,78.34,79.95,0,2,3,4,2,No,Not Placed
STU1594,7.58,85.38,83.64,1,0,3,2,1,Yes,Placed
STU1595,6.94,69.9,65.66,0,2,2,2,0,No,Not Placed
STU1596,7.34,72.3,69.86,0,1,2,5,0,No,Placed
STU1597,5.86,65.21,61.45,1,2,1,3,3,No,Not Placed
STU1598,7.78,70.56,75.36,0,2,3,3,1,No,Not Placed
STU1599,7.6,78.77,77.06,3,2,3,4,1,No,Placed
STU1600,7.43,82.57,89.69,0,2,3,3,0,No,Placed
STU1601,6.38,65.78,65.61,0,1,1,4,3,No,Not Placed
STU1602,7.48,83.7,77.6,0,2,2,2,0,No,Not Placed
STU1603,8.87,88.56,77.71,2,3,3,2,0,No,Placed
STU1604,7.41,79.13,68.24,1,2,2,2,1,No,Not Placed
STU1605,7.22,93.77,81.78,1,1,3,4,0,Yes,Placed
STU1606,7.39,67.26,68.51,0,4,2,2,1,No,Not Placed
STU1607,5.97,62.55,65.71,0,4,1,4,1,No,Not Placed
STU1608,6.5,57.21,50.72,1,1,2,5,3,Yes,Not Placed
STU1609,8.38,89.96,90.94,2,0,3,3,0,No,Placed
STU1610,7.63,81.54,76.89,2,3,2,3,2,No,Placed
STU1611,8.28,74.44,74.01,0,3,3,3,0,No,Placed
STU1612,7.42,77.8,84.19,1,4,2,3,0,No,Placed
STU1613,6.27,63.75,68.67,2,3,2,3,1,No,Not Placed
STU1614,8.39,98.0,91.96,1,2,3,3,0,No,Placed
STU1615,7.85,76.29,70.39,2,2,4,5,0,Yes,Placed
STU1616,5.86,76.09,63.92,0,0,2,5,2,No,Not Placed
STU1617,5.94,82.26,76.33,3,1,1,4,0,No,Not Placed
STU1618,7.4,79.81,76.78,2,2,3,4,0,No,Placed
STU1619,7.58,77.24,70.72,3,2,2,3,0,Yes,Placed
STU1620,7.67,67.1,66.38,1,2,3,3,2,Yes,Placed
STU1621,7.49,79.71,78.14,1,3,2,4,0,Yes,Placed
STU1622,8.26,93.82,88.62,3,1,4,3,0,No,Placed
STU1623,8.73,88.45,81.93,0,2,3,5,0,No,Placed
STU1624,7.35,90.93,88.13,0,0,2,3,0,Yes,Placed
STU1625,7.08,69.89,71.62,1,2,1,3,0,No,Placed
STU1626,6.61,65.1,59.88,2,3,2,4,0,No,Not Placed
STU1627,8.15,73.74,79.73,2,2,3,5,1,No,Placed
STU1628,7.16,75.56,73.73,0,5,3,2,0,No,Placed
STU1629,8.14,85.94,83.14,2,1,3,4,0,Yes,Placed
STU1630,5.21,58.08,62.91,1,2,1,3,0,No,Not Placed
STU1631,8.06,90.3,87.92,0,1,3,2,0,Yes,Placed
STU1632,7.97,73.42,77.17,1,2,2,4,0,No,Placed
STU1633,6.72,70.73,71.56,0,3,2,3,1,No,Not Placed
STU1634,6.68,64.88,62.09,0,2,3,3,0,No,Not Placed
STU1635,6.87,58.45,61.49,3,3,1,3,0,No,Placed
STU1636,7.35,83.23,75.03,1,1,3,3,0,No,Placed
STU1637,7.65,75.73,74.91,1,3,4,3,1,No,Placed
STU1638,6.11,62.1,62.62,3,0,1,3,0,No,Not Placed
STU1639,6.5,62.05,61.7,1,3,1,2,1,Yes,Not Placed
STU1640,7.58,71.64,70.25,2,1,3,5,0,No,Placed
STU1641,7.89,91.69,78.53,1,1,3,3,0,No,Placed
STU1642,6.76,72.4,68.8,2,2,3,4,2,No,Not Placed
STU1643,6.74,59.97,61.44,0,4,2,3,0,No,Not Placed
STU1644,7.8,72.54,72.46,3,0,2,3,0,No,Placed
STU1645,5.71,72.27,66.29,0,2,1,3,4,No,Not Placed
STU1646,7.11,50.0,58.83,0,3,3,3,0,No,Not Placed
STU1647,6.93,74.46,68.96,2,2,2,3,0,No,Placed
STU1648,7.92,72.69,76.63,1,1,3,3,0,Yes,Placed
STU1649,8.74,81.96,81.8,1,2,4,3,0,No,Placed
STU1650,7.51,93.49,86.24,1,2,2,2,0,No,Placed
STU1651,8.33,86.27,92.21,1,4,3,3,1,No,Placed
STU1652,6.71,72.31,65.5,0,3,2,2,0,No,Not Placed
STU1653,6.66,63.93,68.94,0,2,2,2,0,No,Not Placed
STU1654,9.9,98.0,98.0,0,5,5,5,0,No,Placed
STU1655,6.75,75.59,70.9,1,2,2,3,0,No,Placed
STU1656,7.62,75.14,80.83,0,0,3,3,0,Yes,Placed
STU1657,7.48,74.76,72.3,1,1,2,3,0,No,Placed
STU1658,6.96,76.98,76.88,1,2,1,4,2,No,Not Placed
STU1659,7.23,73.56,73.83,0,1,2,3,1,No,Not Placed
STU1660,7.26,69.26,68.2,1,4,4,4,2,No,Placed
STU1661,7.22,69.53,73.15,2,3,2,3,1,No,Placed
STU1662,7.66,74.67,77.44,0,1,2,5,0,No,Placed
STU1663,6.21,69.57,60.39,1,2,1,4,0,No,Not Placed
STU1664,6.59,67.87,74.21,1,3,2,4,2,Yes,Placed
STU1665,7.14,76.06,66.34,1,4,2,2,0,No,Placed
STU1666,8.73,72.45,76.75,1,3,4,2,0,Yes,Placed
STU1667,8.76,90.04,92.17,1,2,3,2,0,No,Placed
STU1668,5.8,50.0,48.0,1,3,1,2,1,No,Not Placed
STU1669,8.38,85.92,80.98,0,2,2,4,1,No,Placed
STU1670,7.06,87.46,78.81,1,2,2,1,0,Yes,Placed
STU1671,7.18,54.27,55.05,1,1,3,1,0,No,Not Placed
STU1672,7.27,71.57,69.29,0,1,1,2,2,No,Not Placed
STU1673,8.49,71.29,74.49,1,2,2,2,0,Yes,Placed
STU1674,6.64,60.92,68.33,3,1,3,2,0,No,Placed
STU1675,8.58,67.22,74.12,1,0,3,4,0,No,Placed
STU1676,7.07,63.89,61.5,1,3,3,3,1,No,Not Placed
STU1677,8.76,92.52,87.6,2,0,4,1,0,No,Placed
STU1678,7.57,84.36,73.29,1,2,2,3,1,Yes,Placed
STU1679,7.79,87.72,80.53,1,2,3,3,0,No,Placed
STU1680,8.95,82.22,84.71,2,4,3,2,0,No,Placed
STU1681,7.44,63.71,72.23,2,2,3,3,1,No,Placed
STU1682,5.54,69.75,63.12,1,0,1,4,3,No,Not Placed
STU1683,6.88,79.89,74.94,1,2,1,4,0,No,Not Placed
STU1684,6.61,62.78,63.23,1,3,2,4,0,No,Placed
STU1685,8.17,82.13,81.21,3,5,3,1,2,Yes,Placed
STU1686,7.0,72.6,67.66,1,2,2,5,1,No,Placed
STU1687,8.12,71.25,72.68,0,1,2,4,1,No,Not Placed
STU1688,6.55,82.11,77.42,2,4,3,4,2,No,Not Placed
STU1689,7.81,79.44,77.45,1,1,3,1,0,No,Placed
STU1690,6.35,71.39,73.41,0,2,2,5,1,No,Not Placed
STU1691,8.61,86.59,83.63,1,2,3,4,0,No,Placed
STU1692,6.61,64.19,62.38,1,0,1,4,0,No,Not Placed
STU1693,8.04,81.16,78.44,2,1,4,2,0,No,Placed
STU1694,7.27,80.93,78.35,0,1,2,4,0,No,Not Placed
STU1695,7.92,71.9,69.26,2,2,2,5,0,Yes,Placed
STU1696,8.19,78.26,75.23,1,4,3,3,0,Yes,Placed
STU1697,7.63,62.49,71.11,0,1,3,3,0,No,Not Placed
STU1698,8.13,84.24,84.41,3,3,3,5,0,No,Placed
STU1699,7.6,73.15,70.7,1,0,3,3,0,No,Not Placed
STU1700,6.97,69.77,72.79,0,2,3,3,0,No,Not Placed
STU1701,8.48,85.49,81.0,1,0,3,3,0,No,Placed
STU1702,8.44,67.96,73.63,2,4,3,5,2,No,Placed
STU1703,7.4,60.92,63.63,0,3,3,1,0,No,Not Placed
STU1704,6.06,59.43,59.98,0,2,1,3,0,No,Not Placed
STU1705,8.2,81.06,81.14,0,3,3,3,0,Yes,Placed
STU1706,5.38,62.2,55.02,0,2,1,4,2,Yes,Not Placed
STU1707,8.46,92.55,83.03,2,4,3,3,0,No,Placed
STU1708,6.08,54.18,50.08,1,3,1,4,1,No,Not Placed
STU1709,7.4,91.96,88.88,0,4,2,5,1,No,Placed
STU1710,7.5,77.11,84.21,0,2,2,1,0,Yes,Placed
STU1711,8.02,74.03,84.08,0,1,2,3,0,No,Placed
STU1712,7.18,69.55,72.31,3,2,4,1,1,Yes,Placed
STU1713,7.15,78.99,79.65,0,1,3,3,1,No,Not Placed
STU1714,7.04,74.62,64.42,3,2,1,3,0,No,Placed
STU1715,8.08,86.03,80.41,1,2,4,4,0,Yes,Placed
STU1716,7.14,76.14,70.78,0,2,2,4,0,No,Not Placed
STU1717,6.88,76.5,71.92,2,0,2,2,1,Yes,Placed
STU1718,7.82,71.36,69.82,1,1,3,2,0,No,Placed
STU1719,8.26,74.43,70.91,1,2,3,3,0,No,Placed
STU1720,6.66,78.08,66.47,3,4,2,3,1,Yes,Placed
STU1721,6.34,57.9,62.95,0,2,1,2,0,Yes,Not Placed
STU1722,6.58,61.52,56.93,0,2,1,4,1,Yes,Not Placed
STU1723,7.77,82.43,81.26,1,3,2,5,1,Yes,Placed
STU1724,8.21,76.71,85.57,0,2,3,3,0,No,Placed
STU1725,7.48,73.16,67.59,0,1,1,4,1,No,Not Placed
STU1726,5.44,75.18,61.25,0,2,1,3,0,No,Not Placed
STU1727,8.36,78.48,75.28,0,1,3,4,1,No,Placed
STU1728,7.57,69.6,74.66,2,4,2,3,0,No,Placed
STU1729,7.44,67.22,76.93,0,1,3,2,0,No,Not Placed
STU1730,7.1,76.96,69.27,1,2,3,5,0,No,Placed
STU1731,7.03,65.22,67.92,1,0,2,3,0,No,Not Placed
STU1732,6.5,79.08,74.89,1,1,1,4,2,No,Not Placed
STU1733,7.31,57.97,58.74,0,3,4,3,0,No,Placed
STU1734,9.03,85.29,95.72,2,1,4,1,0,No,Placed
STU1735,7.48,79.73,70.26,0,0,2,2,0,No,Not Placed
STU1736,8.27,77.56,77.19,2,2,2,3,0,No,Placed
STU1737,7.6,84.83,84.44,2,0,3,3,0,No,Placed
STU1738,9.12,91.65,93.33,1,0,5,3,0,No,Placed
STU1739,7.94,85.14,82.86,1,3,2,3,1,No,Placed
STU1740,6.98,56.59,59.64,1,3,2,3,2,No,Not Placed
STU1741,5.29,62.2,60.91,1,4,1,4,5,No,Not Placed
STU1742,7.13,68.75,69.78,2,3,2,3,0,No,Placed
STU1743,7.0,75.26,72.26,2,2,1,4,0,Yes,Placed
STU1744,8.25,80.18,81.26,0,0,3,3,0,No,Placed
STU1745,7.18,67.74,65.73,1,3,3,3,0,No,Placed
STU1746,7.28,76.87,77.23,2,3,2,2,0,Yes,Placed
STU1747,6.58,67.45,67.19,3,3,2,3,3,No,Not Placed
STU1748,7.43,68.88,74.18,1,2,2,1,0,No,Placed
STU1749,6.07,60.93,61.53,1,1,1,3,3,No,Not Placed
STU1750,6.8,65.77,57.04,0,3,2,2,2,Yes,Not Placed
STU1751,6.88,61.48,68.57,3,3,1,3,2,Yes,Not Placed
STU1752,5.0,65.24,60.93,0,5,1,4,3,No,Not Placed
STU1753,7.64,85.54,79.44,1,1,3,3,0,No,Placed
STU1754,6.07,65.51,62.71,0,1,1,2,0,No,Not Placed
STU1755,8.18,98.0,98.0,0,1,4,2,0,No,Placed
STU1756,6.27,79.93,67.26,1,3,2,4,0,No,Not Placed
STU1757,8.74,76.85,91.01,3,1,4,2,0,No,Placed
STU1758,8.12,66.42,71.74,0,0,2,3,0,No,Not Placed
STU1759,8.15,82.0,80.82,1,5,4,3,0,No,Placed
STU1760,6.74,69.24,68.58,0,0,1,3,3,No,Not Placed
STU1761,7.91,76.22,76.21,0,3,3,3,1,No,Placed
STU1762,8.74,98.0,95.91,1,2,5,4,0,No,Placed
STU1763,7.21,74.04,76.16,1,3,2,1,0,No,Placed
STU1764,7.65,86.49,86.29,0,2,2,2,0,No,Placed
STU1765,6.02,67.97,68.22,0,4,1,2,0,No,Not Placed
STU1766,7.14,74.65,72.47,0,4,3,2,1,No,Placed
STU1767,8.56,92.71,88.05,0,0,3,2,0,Yes,Placed
STU1768,6.96,68.73,67.45,3,0,1,3,1,No,Placed
STU1769,8.69,93.12,94.82,3,1,3,3,0,Yes,Placed
STU1770,7.52,82.08,82.74,0,2,4,3,1,No,Placed
STU1771,6.46,69.38,54.27,1,3,2,3,0,No,Not Placed
STU1772,7.28,81.32,82.4,2,2,2,4,0,Yes,Placed
STU1773,8.57,84.73,82.99,0,2,4,3,0,Yes,Placed
STU1774,7.22,81.22,78.94,2,1,2,2,0,No,Placed
STU1775,5.94,59.3,58.46,3,3,1,3,0,No,Not Placed
STU1776,6.54,67.73,73.19,0,4,2,1,0,No,Not Placed
STU1777,7.35,72.52,76.38,0,1,3,1,0,Yes,Not Placed
STU1778,7.73,74.26,69.26,3,2,3,3,0,Yes,Placed
STU1779,8.28,81.21,81.06,1,0,4,5,0,No,Placed
STU1780,7.82,76.78,70.4,0,2,3,4,1,No,Placed
STU1781,6.5,61.65,55.5,0,2,2,2,0,No,Not Placed
STU1782,6.81,78.8,73.85,1,1,2,4,0,No,Placed
STU1783,7.93,81.11,83.26,1,2,2,4,1,No,Placed
STU1784,7.66,80.6,83.28,1,1,2,3,0,Yes,Placed
STU1785,9.08,85.81,85.5,3,2,4,4,0,No,Placed
STU1786,7.49,83.34,84.46,0,2,3,3,0,No,Placed
STU1787,8.45,79.59,80.23,1,0,3,2,0,No,Placed
STU1788,7.73,74.3,69.95,1,3,2,3,0,No,Placed
STU1789,7.72,58.39,61.79,1,3,3,3,0,No,Placed
STU1790,7.75,79.3,81.41,0,2,3,3,0,No,Placed
STU1791,8.28,77.08,79.29,3,0,3,3,0,No,Placed
STU1792,9.41,77.72,82.01,2,3,5,5,0,No,Placed
STU1793,6.58,62.23,66.44,1,4,2,4,0,No,Placed
STU1794,6.02,64.19,66.32,1,1,1,4,1,No,Not Placed
STU1795,7.34,85.53,88.05,0,1,2,4,0,No,Placed
STU1796,7.86,74.6,73.28,1,1,2,5,0,No,Placed
STU1797,6.43,81.82,75.14,1,2,2,2,0,Yes,Not Placed
STU1798,7.2,75.28,73.17,1,1,3,2,0,Yes,Placed
STU1799,7.48,75.3,70.28,3,2,2,3,0,No,Placed
STU1800,7.9,84.38,78.35,1,2,3,4,0,Yes,Placed
STU1801,7.36,69.84,68.64,1,2,3,3,0,No,Placed
STU1802,7.38,75.96,70.6,2,2,3,4,1,Yes,Placed
STU1803,7.85,70.38,68.28,0,2,3,2,0,No,Placed
STU1804,5.97,70.66,60.59,1,2,1,2,1,No,Not Placed
STU1805,6.95,71.91,72.19,0,0,2,4,1,No,Not Placed
STU1806,7.13,77.22,75.64,1,0,1,2,0,No,Not Placed
STU1807,7.39,70.21,65.59,2,3,2,3,0,No,Placed
STU1808,8.98,87.56,87.72,1,0,4,2,0,No,Placed
STU1809,7.53,66.05,70.83,2,3,2,3,0,Yes,Placed
STU1810,7.5,73.13,64.12,1,4,2,4,0,No,Placed
STU1811,6.23,70.6,66.2,0,1,1,3,0,No,Not Placed
STU1812,9.05,89.47,82.2,2,2,5,3,0,Yes,Placed
STU1813,8.16,76.97,70.72,0,2,4,2,0,No,Placed
STU1814,8.81,85.32,86.67,0,3,2,4,0,Yes,Placed
STU1815,7.58,60.14,60.15,1,4,3,3,0,No,Placed
STU1816,6.54,77.67,74.7,0,3,1,3,1,No,Not Placed
STU1817,6.98,83.9,71.3,0,0,3,4,1,No,Not Placed
STU1818,7.29,75.82,77.62,1,2,2,2,0,Yes,Placed
STU1819,8.1,85.65,76.61,1,2,3,4,0,No,Placed
STU1820,6.55,69.83,69.66,1,2,1,3,2,No,Not Placed
STU1821,8.85,89.09,87.11,3,0,5,3,0,No,Placed
STU1822,9.9,97.99,98.0,1,1,4,2,0,No,Placed
STU1823,7.21,71.37,64.12,2,3,3,5,1,No,Placed
STU1824,6.31,70.54,54.86,0,2,2,4,1,Yes,Not Placed
STU1825,7.8,89.53,87.02,1,1,3,2,0,No,Placed
STU1826,8.52,90.8,96.18,2,2,5,3,0,Yes,Placed
STU1827,8.33,69.77,75.5,1,3,3,4,0,Yes,Placed
STU1828,7.75,70.8,71.23,1,3,3,3,0,No,Placed
STU1829,7.1,72.18,68.89,1,1,2,4,1,Yes,Not Placed
STU1830,6.69,61.56,66.36,0,1,3,3,3,No,Not Placed
STU1831,5.36,65.81,61.07,1,1,1,4,0,No,Not Placed
STU1832,6.39,64.96,67.6,1,4,1,3,1,No,Not Placed
STU1833,8.33,67.32,69.75,2,2,4,2,0,No,Placed
STU1834,7.04,74.65,78.75,0,2,2,3,0,No,Not Placed
STU1835,8.68,77.34,89.54,3,2,3,5,0,No,Placed
STU1836,9.13,90.51,88.9,3,2,4,3,0,No,Placed
STU1837,5.94,65.02,62.72,0,3,1,3,1,No,Not Placed
STU1838,8.15,84.84,81.99,0,2,4,3,0,No,Placed
STU1839,7.28,72.86,63.09,2,1,2,3,0,No,Placed
STU1840,7.2,74.51,69.86,3,1,3,4,0,No,Placed
STU1841,9.44,81.75,77.44,1,2,3,4,0,No,Placed
STU1842,5.61,63.77,61.58,0,4,1,1,4,No,Not Placed
STU1843,8.38,78.82,77.76,1,1,3,5,0,Yes,Placed
STU1844,7.17,76.66,71.05,1,3,2,4,2,Yes,Not Placed
STU1845,8.61,79.92,83.54,0,3,4,4,0,Yes,Placed
STU1846,7.9,77.89,76.21,1,1,3,3,0,No,Placed
STU1847,8.39,98.0,93.25,0,0,3,4,0,Yes,Placed
STU1848,7.11,68.62,66.69,0,1,2,2,0,No,Not Placed
STU1849,6.09,69.69,70.01,1,3,1,3,0,No,Not Placed
STU1850,7.74,68.77,72.58,1,1,2,4,0,No,Placed
STU1851,7.01,69.45,64.7,0,2,2,2,0,Yes,Not Placed
STU1852,7.24,68.63,65.04,1,2,2,1,0,No,Not Placed
STU1853,8.7,86.89,82.34,0,3,4,4,0,No,Placed
STU1854,8.06,89.21,79.1,0,1,3,4,0,No,Placed
STU1855,6.92,69.29,64.8,0,2,2,2,2,No,Not Placed
STU1856,6.27,66.68,64.3,3,2,1,4,0,No,Not Placed
STU1857,7.62,79.71,82.13,1,2,4,3,2,No,Placed
STU1858,7.94,69.48,70.37,1,3,2,3,0,No,Placed
STU1859,8.77,81.33,80.1,1,1,3,4,1,Yes,Placed
STU1860,7.74,77.03,79.73,3,3,5,3,0,No,Placed
STU1861,6.54,59.84,60.18,0,2,1,2,0,No,Not Placed
STU1862,7.98,90.48,88.86,1,2,2,2,0,No,Placed
STU1863,9.2,92.96,88.5,1,2,5,3,0,No,Placed
STU1864,7.59,68.87,69.87,1,2,1,3,1,No,Not Placed
STU1865,8.19,71.12,67.54,0,1,3,4,0,Yes,Placed
STU1866,6.25,77.86,63.99,1,2,3,4,2,Yes,Not Placed
STU1867,7.39,78.34,75.92,0,2,1,3,0,Yes,Placed
STU1868,8.49,81.59,86.47,1,2,2,4,0,Yes,Placed
STU1869,9.37,95.1,95.47,1,1,3,2,0,Yes,Placed
STU1870,7.57,73.23,77.07,0,4,3,1,0,No,Placed
STU1871,6.9,67.02,73.15,2,2,3,4,0,No,Placed
STU1872,7.2,61.21,62.47,0,0,2,1,1,No,Not Placed
STU1873,7.53,67.69,68.52,2,2,3,2,1,No,Not Placed
STU1874,6.68,74.67,70.38,1,3,3,3,3,Yes,Not Placed
STU1875,9.23,92.95,87.43,0,3,5,3,0,No,Placed
STU1876,8.07,69.82,72.43,0,2,3,4,0,No,Placed
STU1877,8.1,77.24,81.67,3,3,1,2,1,No,Placed
STU1878,7.45,74.84,72.92,0,1,2,1,0,No,Not Placed
STU1879,8.34,86.88,81.6,0,2,3,3,2,No,Not Placed
STU1880,8.31,98.0,93.3,0,3,3,3,0,No,Placed
STU1881,7.37,69.69,72.24,1,3,2,3,0,No,Placed
STU1882,5.37,70.11,62.37,1,2,1,3,2,No,Not Placed
STU1883,7.81,85.44,71.14,0,3,4,4,0,No,Placed
STU1884,6.74,81.82,76.79,0,0,2,4,0,No,Not Placed
STU1885,9.04,93.47,83.35,0,3,5,2,0,No,Placed
STU1886,7.43,80.84,76.17,0,1,3,3,1,No,Placed
STU1887,7.07,71.41,69.96,1,1,2,3,0,No,Placed
STU1888,7.28,80.91,76.51,1,1,3,5,1,No,Placed
STU1889,8.46,86.09,90.44,0,2,4,5,0,Yes,Placed
STU1890,8.92,83.2,82.35,1,1,5,2,0,No,Placed
STU1891,6.38,80.07,79.56,1,1,1,4,0,Yes,Placed
STU1892,9.08,85.67,85.93,3,1,4,3,0,No,Placed
STU1893,7.96,86.69,77.99,3,1,3,1,0,No,Placed
STU1894,7.92,88.82,90.69,2,2,3,1,0,No,Placed
STU1895,7.18,81.49,78.89,0,2,3,3,0,No,Not Placed
STU1896,8.6,73.33,75.68,0,1,4,3,0,Yes,Placed
STU1897,6.61,76.47,69.64,0,3,1,1,0,No,Not Placed
STU1898,6.94,87.07,76.24,0,3,3,3,0,Yes,Placed
STU1899,7.94,66.83,70.89,1,3,3,2,0,No,Placed
STU1900,8.02,78.69,78.77,2,1,2,3,0,No,Placed
STU1901,6.35,71.07,65.9,2,3,1,3,2,No,Not Placed
STU1902,7.31,75.29,69.65,2,1,1,2,0,No,Not Placed
STU1903,8.0,87.78,90.24,1,1,3,3,0,Yes,Placed
STU1904,7.82,76.91,69.43,1,1,2,2,0,No,Placed
STU1905,8.7,75.46,82.35,0,3,4,3,0,Yes,Placed
STU1906,6.66,61.4,57.69,0,1,2,2,1,Yes,Not Placed
STU1907,8.35,82.46,83.28,1,0,2,3,1,Yes,Placed
STU1908,8.79,81.45,77.59,0,1,4,2,0,No,Placed
STU1909,8.96,96.63,95.15,1,3,3,3,0,No,Placed
STU1910,6.38,71.92,68.41,0,2,2,4,0,Yes,Placed
STU1911,7.81,77.19,74.8,1,1,2,2,0,Yes,Placed
STU1912,8.88,77.49,76.07,2,2,4,3,0,No,Placed
STU1913,7.44,90.77,82.14,0,2,3,1,0,No,Not Placed
STU1914,7.45,74.05,76.65,2,2,3,3,1,No,Placed
STU1915,7.7,77.79,73.56,0,1,4,2,1,No,Not Placed
STU1916,7.71,81.08,77.78,1,3,3,3,0,No,Placed
STU1917,6.64,76.87,70.37,1,1,2,3,0,No,Not Placed
STU1918,6.97,70.54,57.15,1,2,2,5,0,No,Placed
STU1919,8.9,76.94,74.44,3,0,4,3,0,No,Placed
STU1920,9.06,85.74,94.94,0,2,4,3,0,No,Placed
STU1921,6.58,64.73,68.94,1,2,2,3,2,No,Not Placed
STU1922,6.61,76.33,74.78,1,2,1,5,3,No,Not Placed
STU1923,7.11,68.0,66.49,2,0,2,4,0,No,Placed
STU1924,8.84,86.95,84.02,0,3,4,2,0,No,Placed
STU1925,7.03,59.77,63.54,2,1,2,4,0,No,Placed
STU1926,6.71,69.41,63.09,1,2,1,3,0,Yes,Not Placed
STU1927,7.72,78.77,82.53,0,3,4,4,0,Yes,Placed
STU1928,7.99,90.66,90.64,1,2,3,4,0,No,Placed
STU1929,8.18,74.34,76.78,0,3,3,2,0,No,Placed
STU1930,7.83,69.45,71.22,1,2,2,4,0,No,Placed
STU1931,7.66,93.81,89.84,2,2,2,2,0,No,Placed
STU1932,7.79,60.52,64.81,1,3,4,2,0,No,Placed
STU1933,6.71,53.01,58.02,1,1,2,2,3,Yes,Not Placed
STU1934,8.44,79.4,75.72,1,2,3,4,0,No,Placed
STU1935,6.16,69.98,66.61,0,3,2,2,1,No,Not Placed
STU1936,6.07,64.79,65.58,0,2,1,1,1,Yes,Not Placed
STU1937,8.34,82.08,87.51,1,1,4,4,0,Yes,Placed
STU1938,7.48,77.44,69.63,0,2,3,2,0,Yes,Placed
STU1939,7.69,69.36,61.62,0,3,2,2,1,No,Not Placed
STU1940,7.18,62.2,63.69,1,4,2,2,0,No,Placed
STU1941,7.85,83.72,81.42,0,2,1,3,1,No,Not Placed
STU1942,7.29,81.5,80.14,0,2,1,3,0,No,Not Placed
STU1943,8.23,74.01,74.13,1,4,2,1,0,Yes,Placed
STU1944,7.9,93.47,88.33,0,0,3,5,1,No,Placed
STU1945,8.32,64.3,72.1,2,1,3,4,1,No,Placed
STU1946,5.82,59.74,52.77,2,3,1,3,5,No,Not Placed
STU1947,7.72,68.08,63.73,1,3,3,3,0,No,Placed
STU1948,7.81,74.54,72.84,0,3,3,3,1,No,Not Placed
STU1949,6.95,77.43,67.6,2,2,2,3,2,No,Not Placed
STU1950,6.95,72.59,70.82,2,0,1,2,2,No,Not Placed
STU1951,8.05,78.52,85.05,2,2,3,2,0,No,Placed
STU1952,6.98,62.48,63.21,0,1,1,4,0,No,Not Placed
STU1953,8.45,89.44,87.18,1,1,4,2,1,Yes,Placed
STU1954,6.62,74.18,66.75,2,3,2,3,0,No,Placed
STU1955,7.81,86.17,80.16,1,0,2,4,0,No,Placed
STU1956,7.58,78.43,74.79,1,3,2,3,0,No,Placed
STU1957,6.35,79.57,76.05,1,2,1,3,1,No,Not Placed
STU1958,8.52,80.7,85.0,1,2,2,3,0,No,Placed
STU1959,7.34,79.48,80.35,0,0,3,1,0,Yes,Not Placed
STU1960,6.76,81.43,73.66,1,1,2,4,2,No,Not Placed
STU1961,7.33,88.29,86.28,0,0,3,3,0,No,Placed
STU1962,6.68,76.97,77.92,1,4,1,4,1,No,Not Placed
STU1963,7.47,82.09,85.48,0,3,2,5,0,Yes,Placed
STU1964,7.54,74.1,80.89,1,2,1,5,0,Yes,Placed
STU1965,9.14,89.4,80.91,0,1,3,4,0,Yes,Placed
STU1966,6.46,68.24,63.95,1,4,1,3,1,No,Not Placed
STU1967,8.2,93.01,82.77,2,1,4,3,0,No,Placed
STU1968,7.6,74.6,72.24,0,1,2,3,1,No,Not Placed
STU1969,6.85,60.69,63.92,0,2,2,3,0,No,Not Placed
STU1970,7.84,76.28,79.77,0,4,3,4,0,No,Placed
STU1971,6.31,68.19,67.58,2,0,1,2,0,No,Not Placed
STU1972,8.72,83.41,79.3,1,1,4,4,0,No,Placed
STU1973,8.21,68.47,68.96,1,4,4,4,1,No,Placed
STU1974,5.9,70.54,65.78,0,1,1,5,3,No,Not Placed
STU1975,6.45,56.1,68.13,1,1,2,4,1,No,Not Placed
STU1976,6.46,70.48,61.87,2,2,1,2,0,No,Not Placed
STU1977,5.51,50.76,54.07,2,3,1,2,1,No,Not Placed
STU1978,7.53,59.16,70.4,1,2,3,2,0,No,Placed
STU1979,7.48,82.6,80.24,0,5,2,2,2,Yes,Not Placed
STU1980,9.16,82.86,79.48,0,2,4,3,0,Yes,Placed
STU1981,8.3,79.25,75.58,0,0,3,4,0,Yes,Placed
STU1982,6.95,65.33,64.63,0,5,2,4,0,No,Not Placed
STU1983,8.53,74.52,80.21,0,2,2,3,0,Yes,Placed
STU1984,7.35,74.96,62.66,0,1,1,1,0,No,Not Placed
STU1985,6.97,63.42,71.57,1,2,2,2,0,No,Placed
STU1986,7.37,90.03,79.41,3,1,3,2,1,No,Placed
STU1987,7.94,83.77,79.87,1,0,2,3,0,No,Placed
STU1988,7.7,72.79,69.73,2,0,3,3,0,No,Placed
STU1989,7.77,75.27,76.92,1,2,3,1,0,Yes,Placed
STU1990,6.08,77.08,67.53,0,3,2,3,3,Yes,Not Placed
STU1991,5.93,54.58,58.7,1,2,1,2,0,No,Not Placed
STU1992,7.98,72.53,81.77,0,5,2,3,1,No,Placed
STU1993,6.53,68.18,61.14,1,1,1,3,2,No,Not Placed
STU1994,8.12,64.98,66.18,0,1,4,3,2,Yes,Placed
STU1995,6.23,72.19,68.05,3,1,3,3,0,No,Placed
STU1996,8.98,92.98,91.16,0,1,4,5,0,No,Placed
STU1997,8.74,81.41,79.29,0,1,3,2,0,Yes,Placed
STU1998,8.26,69.29,65.69,3,3,4,3,0,Yes,Placed
STU1999,7.73,80.73,81.06,0,4,4,4,0,No,Placed
STU2000,9.22,88.99,94.66,1,5,4,3,0,No,Placed
STU2001,8.29,84.25,80.66,1,1,3,5,2,No,Placed
STU2002,7.87,75.6,77.86,2,3,4,3,0,No,Placed
STU2003,6.57,68.53,61.78,3,1,2,3,1,No,Not Placed
STU2004,7.8,81.98,74.9,3,1,2,2,0,No,Placed
STU2005,6.34,78.93,79.45,0,3,2,3,1,No,Not Placed
STU2006,8.92,83.95,88.78,2,2,5,2,0,No,Placed
STU2007,8.04,81.35,80.93,1,1,4,2,0,Yes,Placed
STU2008,7.84,85.5,81.11,1,2,3,3,0,No,Placed
STU2009,8.37,69.65,69.2,0,1,3,3,0,No,Not Placed
STU2010,7.4,88.17,78.69,1,3,3,1,1,Yes,Placed
STU2011,7.55,76.98,78.46,3,2,2,3,1,No,Placed
STU2012,9.9,95.75,95.8,2,5,5,3,1,No,Placed
STU2013,6.39,68.11,65.63,1,0,1,2,0,No,Not Placed
STU2014,8.0,92.36,86.16,0,2,4,3,0,No,Placed
STU2015,7.58,76.98,76.76,1,2,2,4,0,No,Placed
STU2016,7.43,68.49,66.03,2,2,3,3,0,No,Placed
STU2017,7.28,70.16,69.31,1,1,3,3,0,No,Not Placed
STU2018,7.23,71.8,81.53,1,3,1,3,0,No,Not Placed
STU2019,7.31,79.24,76.12,0,3,3,3,0,No,Placed
STU2020,7.28,80.23,76.4,1,4,3,5,0,Yes,Placed
STU2021,6.85,69.26,65.63,1,3,2,3,2,No,Not Placed
STU2022,7.96,74.76,77.27,2,3,2,1,0,No,Placed
STU2023,8.92,96.42,91.05,1,2,4,3,0,No,Placed
STU2024,7.2,92.28,85.19,0,3,2,4,0,Yes,Placed
STU2025,8.82,79.36,84.06,1,1,3,2,0,Yes,Placed
STU2026,8.13,75.38,81.17,0,2,4,5,0,No,Placed
STU2027,8.15,76.2,71.77,3,1,3,5,0,No,Placed
STU2028,7.44,81.14,69.64,1,2,1,1,0,No,Not Placed
STU2029,7.87,64.77,70.09,1,1,3,5,1,No,Placed
STU2030,7.35,72.43,68.14,1,4,2,3,1,Yes,Placed
STU2031,7.55,58.31,63.52,1,1,2,4,0,Yes,Placed
STU2032,7.32,78.99,67.29,1,0,2,3,0,No,Placed
STU2033,8.1,81.47,83.71,1,2,4,3,0,Yes,Placed
STU2034,8.11,70.17,63.59,0,0,4,3,1,No,Not Placed
STU2035,9.19,90.74,90.78,0,1,4,4,0,No,Placed
STU2036,7.08,62.74,63.4,0,1,2,1,0,Yes,Not Placed
STU2037,5.49,60.36,56.54,1,2,1,3,0,No,Not Placed
STU2038,6.68,77.24,73.62,0,2,2,2,0,Yes,Not Placed
STU2039,8.5,85.47,86.08,1,3,3,3,0,Yes,Placed
STU2040,8.59,91.84,88.59,2,3,4,3,0,No,Placed
STU2041,7.03,70.41,72.77,2,2,2,3,0,No,Placed
STU2042,8.88,85.79,92.8,1,1,5,3,0,No,Placed
STU2043,7.85,74.61,65.6,1,1,4,2,0,No,Placed
STU2044,8.34,73.27,80.37,0,3,3,2,1,No,Placed
STU2045,7.34,83.84,81.79,1,0,3,1,1,No,Not Placed
STU2046,7.47,81.52,74.8,2,0,2,3,0,No,Placed
STU2047,5.58,59.24,53.7,0,3,1,5,0,No,Not Placed
STU2048,8.04,89.77,85.36,1,2,3,2,0,No,Placed
STU2049,8.36,88.8,90.09,2,1,3,5,0,Yes,Placed
STU2050,6.76,68.74,67.79,2,1,2,4,1,Yes,Not Placed
STU2051,7.47,78.96,84.67,0,4,1,3,0,No,Not Placed
STU2052,7.17,79.94,70.69,1,3,1,3,0,No,Placed
STU2053,7.28,77.61,75.91,0,3,2,4,0,No,Placed
STU2054,5.0,69.5,62.81,0,2,1,2,0,No,Not Placed
STU2055,8.42,68.28,69.86,2,2,3,3,1,No,Placed
STU2056,8.41,74.74,77.96,2,5,2,3,0,No,Placed
STU2057,7.79,86.73,81.62,2,4,2,3,0,No,Placed
STU2058,6.89,80.44,65.35,0,1,2,4,0,No,Not Placed
STU2059,6.61,71.29,71.59,2,3,2,1,0,No,Placed
STU2060,9.09,82.72,82.5,1,1,4,3,0,No,Placed
STU2061,7.25,50.0,54.52,0,1,3,3,0,Yes,Not Placed
STU2062,8.67,86.49,89.7,1,2,4,3,0,No,Placed
STU2063,6.67,57.6,53.6,0,2,1,3,1,No,Not Placed
STU2064,7.59,71.38,74.07,2,4,2,3,0,No,Placed
STU2065,6.41,63.8,70.19,1,0,1,4,0,Yes,Not Placed
STU2066,5.82,62.05,53.85,0,2,1,3,1,No,Not Placed
STU2067,8.34,86.61,85.22,0,4,4,4,0,No,Placed
STU2068,6.73,70.32,67.25,0,4,2,3,0,Yes,Placed
STU2069,7.51,78.47,76.29,0,1,3,2,0,No,Not Placed
STU2070,7.5,74.53,75.09,1,2,2,1,0,No,Placed
STU2071,7.53,79.77,75.37,2,2,3,1,0,No,Placed
STU2072,7.3,75.77,71.03,0,1,2,3,0,Yes,Placed
STU2073,6.08,62.17,63.02,0,4,2,3,0,No,Not Placed
STU2074,7.24,84.96,76.78,1,4,2,4,0,No,Placed
STU2075,6.02,70.06,64.12,2,1,2,4,1,No,Not Placed
STU2076,7.36,59.43,63.91,0,1,3,1,1,No,Not Placed
STU2077,5.54,70.72,64.37,0,0,1,2,1,No,Not Placed
STU2078,9.28,90.01,89.84,1,4,4,2,1,Yes,Placed
STU2079,8.96,83.5,83.29,0,1,5,3,0,Yes,Placed
STU2080,6.47,71.51,62.15,0,2,1,2,2,No,Not Placed
STU2081,5.46,71.51,67.4,1,2,1,2,2,Yes,Not Placed
STU2082,7.47,71.78,76.98,1,2,4,5,0,No,Placed
STU2083,8.32,95.77,86.5,1,0,3,4,0,No,Placed
STU2084,6.92,78.82,74.67,1,1,2,2,0,No,Placed
STU2085,7.57,79.3,79.72,1,4,3,3,0,Yes,Placed
STU2086,9.27,85.3,86.42,0,4,4,3,0,No,Placed
STU2087,7.92,77.39,74.52,1,3,2,4,0,No,Placed
STU2088,6.54,72.41,68.56,0,0,2,3,1,Yes,Not Placed
STU2089,6.89,73.04,79.2,0,1,1,2,0,Yes,Not Placed
STU2090,7.83,74.28,81.83,1,2,3,4,1,No,Placed
STU2091,7.66,74.63,78.33,2,1,3,3,0,Yes,Placed
STU2092,8.22,82.28,80.36,3,4,3,2,0,No,Placed
STU2093,6.89,75.52,70.15,1,2,1,3,0,Yes,Not Placed
STU2094,7.91,82.33,75.83,0,0,4,3,0,No,Placed
STU2095,8.76,74.19,75.67,0,4,4,3,0,No,Placed
STU2096,8.15,75.79,76.51,2,4,4,2,1,No,Placed
STU2097,6.74,55.02,63.77,1,0,2,3,0,No,Not Placed
STU2098,8.13,84.16,84.79,1,2,3,1,0,No,Placed
STU2099,6.93,78.46,69.18,2,1,2,4,2,Yes,Not Placed
STU2100,9.13,84.98,87.49,1,2,4,2,0,No,Placed
STU2101,5.28,50.0,48.0,2,1,1,1,4,No,Not Placed
STU2102,8.6,95.88,89.58,0,2,5,3,1,No,Placed
STU2103,7.5,73.6,73.81,1,4,2,4,0,No,Placed
STU2104,8.52,86.08,93.15,2,2,2,4,0,No,Placed
STU2105,7.11,64.6,80.46,0,0,3,3,0,No,Not Placed
STU2106,8.23,81.13,81.99,1,2,3,2,1,No,Placed
STU2107,6.73,64.47,63.88,0,1,1,4,1,No,Not Placed
STU2108,7.58,68.76,71.12,3,3,1,3,0,No,Placed
STU2109,8.59,94.14,94.46,0,2,5,2,0,No,Placed
STU2110,7.97,73.09,70.52,1,1,2,4,0,No,Placed
STU2111,7.69,77.17,84.57,0,1,3,2,1,No,Not Placed
STU2112,9.09,83.7,82.3,1,3,5,5,0,Yes,Placed
STU2113,6.88,79.96,80.45,0,1,2,4,1,No,Not Placed
STU2114,8.05,76.5,78.35,0,3,3,3,1,Yes,Placed
STU2115,8.11,78.65,78.96,1,1,2,5,0,No,Placed
STU2116,8.65,98.0,97.49,2,1,3,4,0,Yes,Placed
STU2117,7.47,74.42,70.17,0,2,3,2,0,Yes,Placed
STU2118,8.15,77.01,72.67,0,4,3,3,0,No,Placed
STU2119,6.37,85.51,77.18,2,4,2,1,0,No,Not Placed
STU2120,8.58,86.06,85.35,1,1,4,3,1,No,Placed
STU2121,6.95,86.87,87.73,2,2,3,4,0,No,Placed
STU2122,7.42,81.39,81.47,0,1,2,3,0,No,Placed
STU2123,8.35,63.57,72.41,1,2,5,3,0,Yes,Placed
STU2124,8.08,91.33,87.6,0,2,4,3,0,No,Placed
STU2125,6.31,63.54,67.35,0,4,1,4,2,No,Not Placed
STU2126,7.14,78.03,70.87,1,4,3,1,1,No,Placed
STU2127,8.12,67.46,65.41,1,2,5,3,0,No,Placed
STU2128,6.57,74.36,76.68,2,2,1,2,0,No,Placed
STU2129,7.32,78.29,80.79,0,3,2,3,0,No,Not Placed
STU2130,8.45,78.21,75.01,1,3,2,2,0,No,Placed
STU2131,8.8,79.22,76.98,1,0,4,3,0,No,Placed
STU2132,7.83,91.14,79.88,3,1,3,2,0,No,Placed
STU2133,6.86,79.54,75.82,0,2,2,2,3,No,Not Placed
STU2134,8.89,72.56,76.13,0,1,3,5,0,No,Placed
STU2135,9.19,84.64,84.82,1,1,3,1,0,No,Placed
STU2136,8.75,86.89,86.36,1,0,4,3,0,No,Placed
STU2137,6.26,62.72,63.56,0,2,2,1,0,Yes,Not Placed
STU2138,7.79,80.97,78.86,2,1,2,3,1,No,Placed
STU2139,7.55,82.01,76.41,0,0,3,3,0,No,Not Placed
STU2140,7.73,72.02,74.71,2,1,2,3,1,No,Not Placed
STU2141,9.3,88.76,87.55,0,3,5,2,0,No,Placed
STU2142,8.07,73.5,74.94,1,3,3,3,0,No,Placed
STU2143,6.71,76.26,72.19,2,2,1,3,2,Yes,Not Placed
STU2144,7.43,73.27,61.51,0,2,2,4,0,No,Not Placed
STU2145,8.04,75.16,79.37,3,5,3,3,1,No,Placed
STU2146,7.06,64.04,62.04,1,1,2,3,1,No,Not Placed
STU2147,7.18,60.6,57.2,3,1,1,2,0,Yes,Placed
STU2148,7.99,90.95,90.77,1,1,3,2,0,No,Placed
STU2149,6.8,66.53,64.59,0,1,2,2,0,No,Not Placed
STU2150,6.93,65.09,70.63,0,2,1,2,1,No,Not Placed
STU2151,5.46,53.47,58.53,0,4,2,2,3,No,Not Placed
STU2152,7.53,68.61,71.74,0,2,2,3,0,No,Not Placed
STU2153,7.7,61.77,55.67,0,2,2,3,0,No,Not Placed
STU2154,7.76,91.42,93.77,0,4,2,5,0,No,Placed
STU2155,8.14,85.1,83.64,1,0,4,2,0,No,Placed
STU2156,7.31,68.12,66.06,2,1,3,3,1,Yes,Placed
STU2157,8.93,97.52,93.61,0,2,3,4,0,No,Placed
STU2158,7.36,84.82,73.22,0,2,3,3,1,No,Placed
STU2159,6.63,71.75,73.03,1,0,2,2,0,No,Not Placed
STU2160,5.8,50.01,48.0,0,2,1,2,0,No,Not Placed
STU2161,7.9,97.91,86.46,0,2,3,1,0,No,Placed
STU2162,5.0,61.1,54.32,0,2,1,3,0,No,Not Placed
STU2163,7.59,58.55,65.33,2,2,3,4,2,No,Placed
STU2164,8.43,85.23,79.3,2,1,3,1,0,No,Placed
STU2165,9.19,98.0,98.0,1,0,5,2,0,No,Placed
STU2166,8.24,88.84,82.83,1,2,2,4,0,No,Placed
STU2167,7.85,80.64,70.01,1,1,4,4,0,No,Placed
STU2168,7.56,80.95,73.22,1,4,2,3,0,No,Placed
STU2169,8.95,83.53,87.18,1,2,4,3,0,No,Placed
STU2170,7.68,82.59,79.42,1,1,3,3,0,Yes,Placed
STU2171,8.23,77.81,73.4,0,3,3,2,0,No,Placed
STU2172,7.77,76.04,75.43,0,2,3,3,1,No,Placed
STU2173,7.72,74.37,75.72,1,1,1,3,0,No,Not Placed
STU2174,6.64,67.46,72.93,2,3,1,5,0,Yes,Placed
STU2175,7.97,72.19,78.6,1,3,2,1,0,No,Placed
STU2176,5.83,58.07,57.56,2,2,1,3,0,Yes,Not Placed
STU2177,6.56,74.02,66.29,3,0,1,3,2,No,Not Placed
STU2178,6.24,65.11,63.28,0,2,2,3,0,No,Not Placed
STU2179,6.26,63.96,65.67,1,3,2,1,0,No,Not Placed
STU2180,8.51,76.8,70.46,1,1,4,3,0,Yes,Placed
STU2181,8.75,88.92,80.8,3,1,3,4,0,Yes,Placed
STU2182,9.28,84.18,83.27,3,3,5,3,0,Yes,Placed
STU2183,5.78,59.29,60.15,1,0,1,3,2,No,Not Placed
STU2184,6.93,65.1,65.5,0,3,3,2,0,No,Placed
STU2185,6.98,84.41,77.96,2,2,3,2,0,No,Placed
STU2186,6.38,65.18,64.25,0,2,1,3,2,No,Not Placed
STU2187,6.45,72.75,67.22,2,0,1,4,0,No,Not Placed
STU2188,8.85,80.5,82.88,2,3,3,5,0,No,Placed
STU2189,7.01,65.32,70.7,1,2,2,3,0,No,Placed
STU2190,7.52,76.05,65.41,1,2,2,3,1,Yes,Placed
STU2191,6.71,61.66,57.76,1,2,2,4,0,No,Not Placed
STU2192,7.96,68.99,61.16,1,3,3,3,0,No,Placed
STU2193,6.54,78.2,73.22,0,4,2,3,0,Yes,Not Placed
STU2194,7.24,59.07,59.79,2,2,2,2,0,Yes,Not Placed
STU2195,7.9,79.4,70.24,3,2,3,4,0,No,Placed
STU2196,6.54,74.8,68.97,3,4,1,3,0,No,Placed
STU2197,8.04,80.52,73.42,0,2,2,4,0,No,Placed
STU2198,7.87,77.24,76.69,2,1,2,4,0,No,Placed
STU2199,8.16,88.64,85.69,1,1,3,2,0,No,Placed
